,round_epochs,val_loss,val_acc,loss,acc,dropout_input,dropout_hidden,reg,lr,epochs
1,100,2.959761619567871,0.6347305178642273,2.2119898796081543,0.9354194402694702,0.1,0.2,0.1,0.004999999999999999,100
0,100,13.734478950500488,0.1477045863866806,13.367108345031738,0.17043940722942352,0.0,0.4,0.0,0.004999999999999999,100
